{ 
    "VTI": {
        "2024": {
            "1": {
                "Dividend": 0.0,
                "Stock Price": 5237.29703122093565
            },
            "2": {
                "Dividend": 0.0,
                "Stock Price": 247.40854110717774
            },
            "3": {
                "Dividend": 0.911,
                "Stock Price": 255.58708724975585
            },
            "4": {
                "Dividend": 0.0,
                "Stock Price": 252.5954555164684
            },
            "5": {
                "Dividend": 0.0,
                "Stock Price": 258.71454481645065
            },
            "6": {
                "Dividend": 0.0,
                "Stock Price": 261.31732177734375
            } 
        }
    }
}