{
    "My Portfolio": {
        "Stocks": {
            "All Stocks": {
                "2020": {
                    "1": {
                        "Dividend": 0.13,
                        "Total Value": 466989.02797698975
                    },
                    "2": {
                        "Dividend": 0.13,
                        "Total Value": 428921.4172363281
                    },
                    "3": {
                        "Dividend": 2.15,
                        "Total Value": 370471.7950820923
                    },
                    "4": {
                        "Dividend": 0.13,
                        "Total Value": 420149.9490737915
                    },
                    "5": {
                        "Dividend": 0.13,
                        "Total Value": 441169.9810028076
                    },
                    "6": {
                        "Dividend": 2.196,
                        "Total Value": 448109.8823547363
                    },
                    "7": {
                        "Dividend": 0.13,
                        "Total Value": 475695.5327987671
                    },
                    "8": {
                        "Dividend": 0.13,
                        "Total Value": 509035.76850891113
                    },
                    "9": {
                        "Dividend": 2.143,
                        "Total Value": 488862.58602142334
                    },
                    "10": {
                        "Dividend": 0.13,
                        "Total Value": 479759.84954833984
                    },
                    "11": {
                        "Dividend": 0.13,
                        "Total Value": 533144.0477371216
                    },
                    "12": {
                        "Dividend": 2.492,
                        "Total Value": 552386.9333267212
                    }
                },
                "2021": {
                    "1": {
                        "Dividend": 0.13,
                        "Total Value": 550511.9047164917
                    },
                    "2": {
                        "Dividend": 0.13,
                        "Total Value": 566211.727142334
                    },
                    "3": {
                        "Dividend": 2.08,
                        "Total Value": 588121.7288970947
                    },
                    "4": {
                        "Dividend": 0.13,
                        "Total Value": 620644.2356109619
                    },
                    "5": {
                        "Dividend": 0.13,
                        "Total Value": 624965.2194976807
                    },
                    "6": {
                        "Dividend": 2.181,
                        "Total Value": 637198.3051300049
                    },
                    "7": {
                        "Dividend": 0.13,
                        "Total Value": 653601.0913848877
                    },
                    "8": {
                        "Dividend": 0.13,
                        "Total Value": 672357.1195602417
                    },
                    "9": {
                        "Dividend": 2.271,
                        "Total Value": 638644.513130188
                    },
                    "10": {
                        "Dividend": 0.119,
                        "Total Value": 683879.3573379517
                    },
                    "11": {
                        "Dividend": 0.119,
                        "Total Value": 676704.3724060059
                    },
                    "12": {
                        "Dividend": 2.6109999999999998,
                        "Total Value": 702315.8941268921
                    }
                },
                "2022": {
                    "1": {
                        "Dividend": 0.119,
                        "Total Value": 665922.7285385132
                    },
                    "2": {
                        "Dividend": 0.119,
                        "Total Value": 647140.6116485596
                    },
                    "3": {
                        "Dividend": 2.193,
                        "Total Value": 668266.7436599731
                    },
                    "4": {
                        "Dividend": 0.119,
                        "Total Value": 611193.9420700073
                    },
                    "5": {
                        "Dividend": 0.119,
                        "Total Value": 611704.4582366943
                    },
                    "6": {
                        "Dividend": 2.445,
                        "Total Value": 558394.2155838013
                    },
                    "7": {
                        "Dividend": 0.119,
                        "Total Value": 612547.5006103516
                    },
                    "8": {
                        "Dividend": 0.119,
                        "Total Value": 588982.2587966919
                    },
                    "9": {
                        "Dividend": 2.511,
                        "Total Value": 531904.881477356
                    },
                    "10": {
                        "Dividend": 0.119,
                        "Total Value": 577032.9303741455
                    },
                    "11": {
                        "Dividend": 0.119,
                        "Total Value": 608849.9851226807
                    },
                    "12": {
                        "Dividend": 2.981,
                        "Total Value": 570697.4020004272
                    }
                },
                "2023": {
                    "1": {
                        "Dividend": 0.119,
                        "Total Value": 611641.9439315796
                    },
                    "2": {
                        "Dividend": 0.119,
                        "Total Value": 596443.5482025146
                    },
                    "3": {
                        "Dividend": 2.411,
                        "Total Value": 613255.1784515381
                    },
                    "4": {
                        "Dividend": 0.119,
                        "Total Value": 624845.193862915
                    },
                    "5": {
                        "Dividend": 0.119,
                        "Total Value": 627470.1337814331
                    },
                    "6": {
                        "Dividend": 2.5839999999999996,
                        "Total Value": 666636.6395950317
                    },
                    "7": {
                        "Dividend": 0.119,
                        "Total Value": 692298.0365753174
                    },
                    "8": {
                        "Dividend": 0.119,
                        "Total Value": 680061.1867904663
                    },
                    "9": {
                        "Dividend": 2.5,
                        "Total Value": 645135.0765228271
                    },
                    "10": {
                        "Dividend": 0.119,
                        "Total Value": 632455.2888870239
                    },
                    "11": {
                        "Dividend": 0.119,
                        "Total Value": 690768.144607544
                    },
                    "12": {
                        "Dividend": 3.027,
                        "Total Value": 719999.659538269
                    }
                },
                "2024": {
                    "1": {
                        "Dividend": 0.119,
                        "Total Value": 733799.7980117798
                    },
                    "2": {
                        "Dividend": 0.119,
                        "Total Value": 772124.3801116943
                    },
                    "3": {
                        "Dividend": 2.625,
                        "Total Value": 795071.1908340454
                    },