{
    "My Portfolio": {
        "Stocks": {
            "All Stocks": {
                "2020": {
                    "1": {
                        "Dividend": 0.13,
                        "Total Value": 466988.9678955078
                    },
                    "2": {
                        "Dividend": 0.13,
                        "Total Value": 428921.40197753906
                    },
                    "3": {
                        "Dividend": 2.15,
                        "Total Value": 370471.7197418213
                    },
                    "4": {
                        "Dividend": 0.13,
                        "Total Value": 420149.9948501587
                    },
                    "5": {
                        "Dividend": 0.13,
                        "Total Value": 441170.07064819336
                    },
                    "6": {
                        "Dividend": 2.196,
                        "Total Value": 448109.86709594727
                    },
                    "7": {
                        "Dividend": 0.13,
                        "Total Value": 475695.4231262207
                    },
                    "8": {
                        "Dividend": 0.13,
                        "Total Value": 509035.76850891113
                    },
                    "9": {
                        "Dividend": 2.143,
                        "Total Value": 488862.54024505615
                    },
                    "10": {
                        "Dividend": 0.13,
                        "Total Value": 479759.8171234131
                    },
                    "11": {
                        "Dividend": 0.13,
                        "Total Value": 533144.006729126
                    },
                    "12": {
                        "Dividend": 2.492,
                        "Total Value": 552386.965751648
                    }
                },
                "2021": {
                    "1": {
                        "Dividend": 0.13,
                        "Total Value": 550511.8951797485
                    },
                    "2": {
                        "Dividend": 0.13,
                        "Total Value": 566211.7681503296
                    },
                    "3": {
                        "Dividend": 2.08,
                        "Total Value": 588121.7737197876
                    },
                    "4": {
                        "Dividend": 0.13,
                        "Total Value": 620644.2165374756
                    },
                    "5": {
                        "Dividend": 0.13,
                        "Total Value": 624965.2185440063
                    },
                    "6": {
                        "Dividend": 2.181,
                        "Total Value": 637198.3346939087
                    },
                    "7": {
                        "Dividend": 0.13,
                        "Total Value": 653601.1047363281
                    },
                    "8": {
                        "Dividend": 0.13,
                        "Total Value": 672357.1395874023
                    },
                    "9": {
                        "Dividend": 2.271,
                        "Total Value": 638644.510269165
                    },
                    "10": {
                        "Dividend": 0.119,
                        "Total Value": 683879.3668746948
                    },
                    "11": {
                        "Dividend": 0.119,
                        "Total Value": 676704.3876647949
                    },
                    "12": {
                        "Dividend": 2.6109999999999998,
                        "Total Value": 702315.8159255981
                    }
                },
                "2022": {
                    "1": {
                        "Dividend": 0.119,
                        "Total Value": 665922.7132797241
                    },
                    "2": {
                        "Dividend": 0.119,
                        "Total Value": 647140.5925750732
                    },
                    "3": {
                        "Dividend": 2.193,
                        "Total Value": 668266.7446136475
                    },
                    "4": {
                        "Dividend": 0.119,
                        "Total Value": 611193.941116333
                    },
                    "5": {
                        "Dividend": 0.119,
                        "Total Value": 611704.5030593872
                    },
                    "6": {
                        "Dividend": 2.445,
                        "Total Value": 558394.232749939
                    },
                    "7": {
                        "Dividend": 0.119,
                        "Total Value": 612547.5177764893
                    },
                    "8": {
                        "Dividend": 0.119,
                        "Total Value": 588982.2721481323
                    },
                    "9": {
                        "Dividend": 2.511,
                        "Total Value": 531904.8671722412
                    },
                    "10": {
                        "Dividend": 0.119,
                        "Total Value": 577032.9914093018
                    },
                    "11": {
                        "Dividend": 0.119,
                        "Total Value": 608849.986076355
                    },
                    "12": {
                        "Dividend": 2.981,
                        "Total Value": 570697.4153518677
                    }
                },
                "2023": {
                    "1": {
                        "Dividend": 0.119,
                        "Total Value": 611641.9734954834
                    },
                    "2": {
                        "Dividend": 0.119,
                        "Total Value": 596443.4881210327
                    },
                    "3": {
                        "Dividend": 2.411,
                        "Total Value": 613255.2089691162
                    },
                    "4": {
                        "Dividend": 0.119,
                        "Total Value": 624845.2262878418
                    },
                    "5": {
                        "Dividend": 0.119,
                        "Total Value": 627470.1156616211
                    },
                    "6": {
                        "Dividend": 2.5839999999999996,
                        "Total Value": 666636.6119384766
                    },
                    "7": {
                        "Dividend": 0.119,
                        "Total Value": 692298.0365753174
                    },
                    "8": {
                        "Dividend": 0.119,
                        "Total Value": 680061.1867904663
                    },
                    "9": {
                        "Dividend": 2.5,
                        "Total Value": 645135.1375579834
                    },
                    "10": {
                        "Dividend": 0.119,
                        "Total Value": 632455.2907943726
                    },
                    "11": {
                        "Dividend": 0.119,
                        "Total Value": 690768.1455612183
                    },
                    "12": {
                        "Dividend": 3.027,
                        "Total Value": 719999.659538269
                    }
                },
                "2024": {
                    "1": {
                        "Dividend": 0.119,
                        "Total Value": 733799.7980117798
                    },
                    "2": {
                        "Dividend": 0.119,
                        "Total Value": 772124.3801116943
                    },
                    "3": {
                        "Dividend": 2.625,
                        "Total Value": 795071.1908340454
                    },